genus,disease,probe,length,coverage,background_design,background_broad,tm_c,gc,orderable,note
Trypanosoma,sleeping sickness,GAATGAAGGAGGGTAGTTCGGG,22,0.9875,0.00000,0.00113,56.7,0.545,yes,""
Trichomonas,trichomoniasis,CTGTCGATCAAGGGCGAGAGTA,22,0.9750,0.00000,0.00048,56.7,0.545,yes,""
Leishmania,leishmaniasis,ACCGCACCAAGACGAACTACAG,22,0.8500,0.00000,0.00123,56.7,0.545,yes,""
Plasmodium,malaria,CGTATTCGCGCAAGCGAGAAAG,22,0.8250,0.00000,0.00008,56.7,0.545,yes,""
Blastocystis,intestinal complaints,CATGGCAGTGACGGGTAACGAA,22,0.8000,0.00000,0.00013,56.7,0.545,yes,""
Candida,candidiasis,TTGCCCTTAGACGTTCTGGGCC,22,0.7750,0.00250,0.00133,58.6,0.591,yes,""
Entamoeba,amoebic dysentery,GGAAGGGCACACAAGGAGTGGA,22,0.7500,0.00000,0.00123,58.6,0.591,yes,""
Naegleria,meningitis,CCAGAGCGATTTAGCATGGGAC,22,0.7250,0.00000,0.00000,56.7,0.545,yes,""
Cryptosporidium,intestinal infection,ACCGGGAGGTAGTGACAAGAAA,22,0.9750,0.01250,0.01320,54.8,0.500,no,"hits 1.32% of the background"
Acanthamoeba,eye infection,CCTGGGATAATGGAATAGGACC,22,0.9500,0.00000,0.00025,54.8,0.500,no,"smeltpunt 54.8 graden buiten 55-65"
Toxoplasma,toxoplasmosis,GGCTTCTAGGACTGAAGTAATG,22,0.9125,0.00000,0.00123,53.0,0.455,no,"smeltpunt 53.0 graden buiten 55-65"
Aspergillus,aspergillosis,CATCAGGGAACGAAAGTTAGGG,22,0.8375,0.00250,0.00193,54.8,0.500,no,"smeltpunt 54.8 graden buiten 55-65"
Babesia,babesiosis,TATGGAGGGCAAGTCTGGTGCC,22,0.0000,0.00000,0.00260,58.6,0.591,no,"covers only 0% of the target"
